<!--
  WANT - A build management tool.                                 
  Copyright (c) 2001-2003 Juancarlo Anez, Caracas, Venezuela.          
  All rights reserved.
  

  This library is free software; you can redistribute it and/or
  modify it under the terms of the GNU Lesser General Public
  License as published by the Free Software Foundation; either
  version 2.1 of the License, or (at your option) any later version.
  
  This library is distributed in the hope that it will be useful,
  but WITHOUT ANY WARRANTY; without even the implied warranty of
  MERCHANTABILITY or FITNESS FOR A PARTICULAR PURPOSE.  See the GNU
  Lesser General Public License for more details.
  
  You should have received a copy of the GNU Lesser General Public
  License along with this library; if not, write to the Free Software
  Foundation, Inc., 59 Temple Place, Suite 330, Boston, MA  02111-1307  USA

{ $Id: want.xml,v 1.83 2004/05/29 17:23:09 juanco Exp $ }

This is the Want script for building Want.
See http://www.suigeneris.org/want/ for details.
-->
<project name="ExellioFP"
         basedir="."
         default="compile" >

  <property name="old.version" value="?{release.ini:releases:current}" />
  <regexp property="build" text="${old.version}" pattern="^.*\.([0-9]+)$" subst ="\1" />

  <regexp property="version" text="${old.version}" pattern="\.[0-9]*$" subst=".${build}" />
  <regexp property="comma.version" pattern="\." subst="," text="${version}" />
  <regexp property="version2" pattern="^[0-9]*\.[0-9]*" text="${version}" />

  <tstamp>
    <format property="when"      pattern="yyyy,mm,dd,HH,nn,ss" />
    <format property="date.tag"  pattern="yyyy-mm-dd" />
  </tstamp>
  
  <property name="basepath" value="" />
  <regexp property="basepath" text="${basedir}" pattern="^\/" subst="" />
  
  <property name="bin"              value="${basepath}/bin" />
  <property name="dcu"              value="${basepath}/dcu" />
  <property name="src"              value="${basepath}/source" />
  <property name="test"             value="${basepath}/tests" />
  <property name="ExellioFP" 		value="${src}/ExellioFP" />
  <property name="FPU550OLE" 		value="${src}/FPU550OLE" />
  <property name="setup"            value="${basepath}/setup" />

  <target name="prepare" >
    <mkdir dir="${dcu}" />
    <mkdir dir="${bin}" />
    <echo  message="version=${version}" />
    <echo  message="build=${build}" />
    <delete dir="${src}" >
      <include name="**/*.dcu" />
      <include name="**/*.exe" />
      <include name="**/*.dll" />
      <include name="**/*.rsm" />
      <include name="**/*.log" />
      <include name="**/*.~*" />
      <include name="**/*.bak" />
    </delete>
  </target>

  <target name="clean">
    <delete dir="${dcu}" >
      <include name="*.dcu" />
    </delete>
    <delete dir="${bin}" >
      <include name="ExellioFP.dll" />
      <include name="FPU550OLE.dll" />
    </delete>
    <delete dir="${basedir}" >
      <include name="*.exe" />
    </delete>
  </target>

  <target name="finalclean" >
  </target >

  <target name="compile-ExellioFP" depends="prepare">
    
    <delete dir="${dcu}" >
      <include name="*.dcu" />
    </delete>
    
    <echo input="${ExellioFP}/ExellioFP.rt" file="${ExellioFP}/ExellioFP.rc" />
    <brcc file="${ExellioFP}/ExellioFP.rc" output="${ExellioFP}/ExellioFP.res" />

    <dcc basedir="${ExellioFP}" source="ExellioFP.dpr">
      <exeoutput path="${bin}" />
      <dcuoutput path="${dcu}" />
      <debug     value="false" />
      <console   value="false" />
      <hugestrings value="true" />
      <writeableconst value="true" />
      <align value="false" />
      <optimize value="false" />
      <warnings value="true" />
      <warning name="SYMBOL_PLATFORM" value="off" />
      <warning name="SYMBOL_DEPRECATED" value="off" />
      <warning name="UNIT_PLATFORM" value="off" />	
      <warning name="UNSAFE_CODE" value="off" /> 
      <warning name="UNSAFE_TYPE" value="off" /> 
      <warning name="UNSAFE_CAST" value="off" /> 
      <hints value="true" />
      <overflowchecks value="false" />
      <rangechecks value="false" />
      <iochecks value="false" />
      <build value="true" />
    </dcc>
 </target>

  <target name="test-ExellioFP" depends="prepare">
  
    <delete dir="${dcu}" >
      <include name="*.dcu" />
    </delete>
	
    <dcc basedir="${test}/ExellioFPTest" source="ExellioFPLib.dpr" >
      <exeoutput path="${test}/ExellioFPTest/Bin" />
      <dcuoutput path="${dcu}" />
      <debug     value="false" />
      <console   value="false" />
      <hugestrings value="true" />
      <writeableconst value="true" />
      <align value="false" />
      <optimize value="false" />
      <warnings value="true" />
      <warning name="SYMBOL_PLATFORM" value="off" />
      <warning name="SYMBOL_DEPRECATED" value="off" />
      <warning name="UNIT_PLATFORM" value="off" />	
      <warning name="UNSAFE_CODE" value="off" /> 
      <warning name="UNSAFE_TYPE" value="off" /> 
      <warning name="UNSAFE_CAST" value="off" /> 
      <hints value="true" />
      <overflowchecks value="false" />
      <rangechecks value="false" />
      <iochecks value="false" />
      <build value="true" />
    </dcc>
    <dunit testlib="${test}/ExellioFPTest/bin/ExellioFPLib" />
  </target>
  
  <target name="compile-FPU550OLE" depends="prepare">
    
    <delete dir="${dcu}" >
      <include name="*.dcu" />
    </delete>
    
    <echo input="${FPU550OLE}/FPU550OLE.rt" file="${FPU550OLE}/FPU550OLE.rc" />
    <brcc file="${FPU550OLE}/FPU550OLE.rc" output="${FPU550OLE}/FPU550OLE.res" />

    <dcc basedir="${FPU550OLE}" source="FPU550OLE.dpr">
      <exeoutput path="${bin}" />
      <dcuoutput path="${dcu}" />
      <debug     value="false" />
      <console   value="false" />
      <hugestrings value="true" />
      <writeableconst value="true" />
      <align value="false" />
      <optimize value="false" />
      <warnings value="true" />
      <warning name="SYMBOL_PLATFORM" value="off" />
      <warning name="SYMBOL_DEPRECATED" value="off" />
      <warning name="UNIT_PLATFORM" value="off" />	
      <warning name="UNSAFE_CODE" value="off" /> 
      <warning name="UNSAFE_TYPE" value="off" /> 
      <warning name="UNSAFE_CAST" value="off" /> 
      <hints value="true" />
      <overflowchecks value="false" />
      <rangechecks value="false" />
      <iochecks value="false" />
      <build value="true" />
    </dcc>
 </target>

<target name="test-FPU550OLE" depends="prepare">

    <delete dir="${dcu}" >
      <include name="*.dcu" />
    </delete>
	
    <dcc basedir="${test}/FPU550Test" source="FPU550Lib.dpr" >
      <exeoutput path="${test}/FPU550Test/Bin" />
      <dcuoutput path="${dcu}" />
      <debug     value="false" />
      <console   value="false" />
      <hugestrings value="true" />
      <writeableconst value="true" />
      <align value="false" />
      <optimize value="false" />
      <warnings value="true" />
      <warning name="SYMBOL_PLATFORM" value="off" />
      <warning name="SYMBOL_DEPRECATED" value="off" />
      <warning name="UNIT_PLATFORM" value="off" />	
      <warning name="UNSAFE_CODE" value="off" /> 
      <warning name="UNSAFE_TYPE" value="off" /> 
      <warning name="UNSAFE_CAST" value="off" /> 
      <hints value="true" />
      <overflowchecks value="false" />
      <rangechecks value="false" />
      <iochecks value="false" />
      <build value="true" />
    </dcc>
    <dunit testlib="${test}/FPU550Test/bin/FPU550Lib" />
  </target>

  <target name="build2" depends="clean,prepare,compile-FPU550OLE,compile-ExellioFP,sign,makesetup,signsetup,finalclean"/>

  <target name="build" depends="clean,prepare,compile-FPU550OLE,compile-ExellioFP,signts,makesetup,signsetupts,finalclean"/>
  
    <target name="test" depends="clean,prepare,test-ExellioFP,test-FPU550OLE,finalclean"/>
  
  <target name="sign">
    <exec executable="Sign.bat">
      <arg value="${bin}/FPU550OLE.dll" />
    </exec>
    <exec executable="Sign.bat">
      <arg value="${bin}/ExellioFP.dll" />
    </exec>
  </target>
  
  <target name="signts">
    <exec executable="SignShtrih.bat">
      <arg value="${bin}/FPU550OLE.dll" />
    </exec>
    <exec executable="SignShtrih.bat">
      <arg value="${bin}/ExellioFP.dll" />
    </exec>
  </target>
  
  <target name="makesetup">
    <echo input="${setup}/setup_template.iss" file="${basedir}/setup.iss"/>
    <exec executable="iscc">
      <arg value="/Q" />
      <arg value="Setup.iss" />
    </exec>
    <move tofile="FPU550_${version2}.exe">
      <include name="${basepath}/setup.exe" />
    </move>
    <delete file="${basepath}/setup.iss" />
  </target>

  <target name="signsetup">
    <exec executable="Sign.bat">
      <arg value="${basepath}/FPU550_${version2}.exe" />
    </exec>
  </target>
  
  <target name="signsetupts">
    <exec executable="SignShtrih.bat">
      <arg value="${basepath}/FPU550_${version2}.exe" />
    </exec>
  </target>
	
  <target name="build" >
    <ini file="release.ini" >
      <write section="releases" key="current" value="${version}" />
      <write section="releases" key="last_date" value="${date.tag}" />
    </ini>
  </target>
 
  
</project>
